year,potus,party,unemployment,house.change
1899,William McKinley,Republican,0.1162,-0.0922
1903,Theodore Roosevelt,Republican,0.043,-0.0428
1907,Theodore Roosevelt,Republican,0.0329,-0.1229
1911,William Howard Taft,Republican,0.0586,-0.2659
1915,Woodrow Wilson,Democratic,0.0663,-0.2096
1919,Woodrow Wilson,Democratic,0.0338,-0.1028
1923,Calvin Coolidge,Republican,0.0693,-0.255
1927,Calvin Coolidge,Republican,0.0402,-0.0364
1931,Herbert Clark Hoover,Republican,0.0894,-0.1926
1935,Franklin Delano Roosevelt,Democratic,0.213,0.0288
1939,Franklin Delano Roosevelt,Democratic,0.178,-0.2156
1943,Franklin Delano Roosevelt,Democratic,0.047,-0.1685
1947,Harry S. Truman,Democratic,0.039,-0.2231
1951,Harry S. Truman,Democratic,0.053,-0.1065
1955,Dwight David Eisenhower,Republican,0.055,-0.0814
1959,Dwight David Eisenhower,Republican,0.068,-0.2423
1963,Lyndon Baines Johnson,Democratic,0.055,-0.0107
1967,Lyndon Baines Johnson,Democratic,0.038,-0.1627
1971,Richard Milhous Nixon,Republican,0.049,-0.0625
1975,Gerald Rudolph Ford,Republican,0.056,-0.25
1979,Jimmy Carter,Democratic,0.061,-0.0514
1983,Ronald Wilson Reagan,Republican,0.097,-0.1354
1987,Ronald Wilson Reagan,Republican,0.07,-0.0275
1991,George Herbert Walker Bush,Republican,0.056,-0.0457
1995,Bill Clinton,Democratic,0.061,-0.2093
1999,Bill Clinton,Democratic,0.045,0.0243
2003,George Walker Bush,Republican,0.058,0.0362
2007,George Walker Bush,Republican,0.046,-0.1293
2011,Barack Obama,Democrate,0.097,-0.249
2015,Barack Obama,Democrate,0.062,-0.0733
